{"cameraMode":{"drawMode":0,"name":"Shaded","section":"Shading Mode"},"sceneLighting":false,"audioPlay":false,"sceneViewState":{"showFog":true,"showMaterialUpdate":false,"showSkybox":false,"showFlares":true,"showImageEffects":true,"showParticleSystems":true},"in2DMode":false,"pivot":{"x":0.07574462890625,"y":0.3419189453125,"z":0.1033935546875},"rotation":{"x":0.19220158457756043,"y":0.20870086550712586,"z":-0.0418710857629776,"w":0.9579945206642151},"size":0.7890664339065552,"orthographic":true}