{"cameraMode":{"drawMode":0,"name":"Shaded","section":"Shading Mode"},"sceneLighting":true,"audioPlay":false,"sceneViewState":{"showFog":true,"showMaterialUpdate":false,"showSkybox":true,"showFlares":true,"showImageEffects":true,"showParticleSystems":true},"in2DMode":false,"pivot":{"x":-2.7994236946105959,"y":0.7022978663444519,"z":-0.8124245405197144},"rotation":{"x":-0.033383168280124667,"y":0.8112648129463196,"z":-0.04654425382614136,"w":-0.5818668603897095},"size":6.080380439758301,"orthographic":false}