{"cameraMode":{"drawMode":0,"name":"Shaded","section":"Shading Mode"},"sceneLighting":true,"audioPlay":false,"sceneViewState":{"showFog":true,"showMaterialUpdate":false,"showSkybox":true,"showFlares":true,"showImageEffects":true,"showParticleSystems":true},"in2DMode":false,"pivot":{"x":-0.676025390625,"y":0.90185546875,"z":0.64111328125},"rotation":{"x":0.16313301026821137,"y":0.49850505590438845,"z":-0.0961308404803276,"w":0.8459553718566895},"size":5.037660598754883,"orthographic":true}