{"cameraMode":{"drawMode":0,"name":"Shaded","section":"Shading Mode"},"sceneLighting":false,"audioPlay":false,"sceneViewState":{"showFog":true,"showMaterialUpdate":false,"showSkybox":false,"showFlares":true,"showImageEffects":true,"showParticleSystems":true},"in2DMode":false,"pivot":{"x":0.0,"y":-1.7695128917694093e-8,"z":0.15028367936611176},"rotation":{"x":0.16666527092456819,"y":-0.23561008274555207,"z":0.04105106368660927,"w":0.9565717577934265},"size":0.5564702153205872,"orthographic":true}