{"cameraMode":{"drawMode":0,"name":"Shaded","section":"Shading Mode"},"sceneLighting":true,"audioPlay":false,"sceneViewState":{"showFog":true,"showMaterialUpdate":false,"showSkybox":true,"showFlares":true,"showImageEffects":true,"showParticleSystems":true},"in2DMode":false,"pivot":{"x":-0.213623046875,"y":1.468505859375,"z":0.47119140625},"rotation":{"x":0.2784174382686615,"y":0.39217063784599306,"z":-0.12583930790424348,"w":0.8676704168319702},"size":2.832261800765991,"orthographic":true}